lfw/Marc_Grossman/Marc_Grossman_0003.jpg
lfw/Arminio_Fraga/Arminio_Fraga_0001.jpg
lfw/Igor_Ivanov/Igor_Ivanov_0014.jpg
lfw/Li_Peng/Li_Peng_0003.jpg
lfw/John_Howard/John_Howard_0018.jpg
lfw/George_W_Bush/George_W_Bush_0073.jpg
lfw/George_W_Bush/George_W_Bush_0100.jpg
lfw/George_W_Bush/George_W_Bush_0116.jpg
lfw/George_W_Bush/George_W_Bush_0179.jpg
lfw/George_W_Bush/George_W_Bush_0185.jpg
lfw/George_W_Bush/George_W_Bush_0196.jpg
lfw/George_W_Bush/George_W_Bush_0253.jpg
lfw/George_W_Bush/George_W_Bush_0262.jpg
lfw/George_W_Bush/George_W_Bush_0266.jpg
lfw/George_W_Bush/George_W_Bush_0276.jpg
lfw/George_W_Bush/George_W_Bush_0326.jpg
lfw/George_W_Bush/George_W_Bush_0339.jpg
lfw/George_W_Bush/George_W_Bush_0401.jpg
lfw/George_W_Bush/George_W_Bush_0447.jpg
lfw/George_W_Bush/George_W_Bush_0473.jpg
lfw/George_W_Bush/George_W_Bush_0474.jpg
lfw/George_W_Bush/George_W_Bush_0497.jpg
lfw/George_W_Bush/George_W_Bush_0530.jpg
lfw/Xanana_Gusmao/Xanana_Gusmao_0003.jpg
lfw/Thomas_Birmingham/Thomas_Birmingham_0002.jpg
lfw/Donald_Rumsfeld/Donald_Rumsfeld_0045.jpg
lfw/Donald_Rumsfeld/Donald_Rumsfeld_0080.jpg
lfw/Carlos_Vives/Carlos_Vives_0001.jpg
lfw/Ann_Veneman/Ann_Veneman_0008.jpg
lfw/Pamela_Melroy/Pamela_Melroy_0001.jpg
lfw/Junichiro_Koizumi/Junichiro_Koizumi_0029.jpg
lfw/Junichiro_Koizumi/Junichiro_Koizumi_0031.jpg
lfw/Alan_Greenspan/Alan_Greenspan_0001.jpg
lfw/Vojislav_Kostunica/Vojislav_Kostunica_0005.jpg
lfw/Kofi_Annan/Kofi_Annan_0007.jpg
lfw/Kofi_Annan/Kofi_Annan_0010.jpg
lfw/Alejandro_Toledo/Alejandro_Toledo_0021.jpg
lfw/Alejandro_Toledo/Alejandro_Toledo_0025.jpg
lfw/Alejandro_Toledo/Alejandro_Toledo_0028.jpg
lfw/Tony_Blair/Tony_Blair_0027.jpg
lfw/Tony_Blair/Tony_Blair_0038.jpg
lfw/Megawati_Sukarnoputri/Megawati_Sukarnoputri_0025.jpg
lfw/Megawati_Sukarnoputri/Megawati_Sukarnoputri_0031.jpg
lfw/Vicente_Fox/Vicente_Fox_0002.jpg
lfw/Vicente_Fox/Vicente_Fox_0011.jpg
lfw/Vicente_Fox/Vicente_Fox_0017.jpg
lfw/Ariel_Sharon/Ariel_Sharon_0004.jpg
lfw/Ariel_Sharon/Ariel_Sharon_0009.jpg
lfw/Ariel_Sharon/Ariel_Sharon_0018.jpg
lfw/Ariel_Sharon/Ariel_Sharon_0037.jpg
lfw/Ariel_Sharon/Ariel_Sharon_0072.jpg
lfw/Mohammad_Khatami/Mohammad_Khatami_0003.jpg
lfw/Colin_Powell/Colin_Powell_0034.jpg
lfw/Colin_Powell/Colin_Powell_0071.jpg
lfw/Colin_Powell/Colin_Powell_0175.jpg
lfw/Colin_Powell/Colin_Powell_0206.jpg
lfw/Laura_Bush/Laura_Bush_0030.jpg
lfw/Laura_Bush/Laura_Bush_0032.jpg
lfw/Hans_Blix/Hans_Blix_0012.jpg
lfw/Manijeh_Hekmat/Manijeh_Hekmat_0001.jpg
lfw/Arsinee_Khanjian/Arsinee_Khanjian_0001.jpg
lfw/Harriet_Lessy/Harriet_Lessy_0001.jpg
lfw/Rebekah_Chantay_Revels/Rebekah_Chantay_Revels_0002.jpg
lfw/Serena_Williams/Serena_Williams_0047.jpg
lfw/Thor_Pedersen/Thor_Pedersen_0001.jpg
lfw/Rita_Moreno/Rita_Moreno_0002.jpg
lfw/Andre_Agassi/Andre_Agassi_0012.jpg
lfw/Saddam_Hussein/Saddam_Hussein_0023.jpg
lfw/Taha_Yassin_Ramadan/Taha_Yassin_Ramadan_0002.jpg
lfw/Taha_Yassin_Ramadan/Taha_Yassin_Ramadan_0009.jpg
lfw/Condoleezza_Rice/Condoleezza_Rice_0004.jpg
lfw/Suh_Young-hoon/Suh_Young-hoon_0001.jpg
lfw/Alvaro_Uribe/Alvaro_Uribe_0007.jpg
lfw/Alvaro_Uribe/Alvaro_Uribe_0016.jpg
lfw/Alvaro_Uribe/Alvaro_Uribe_0035.jpg
lfw/George_Robertson/George_Robertson_0018.jpg
lfw/John_Ashcroft/John_Ashcroft_0003.jpg
lfw/John_Ashcroft/John_Ashcroft_0007.jpg
lfw/John_Ashcroft/John_Ashcroft_0008.jpg
lfw/John_Ashcroft/John_Ashcroft_0052.jpg
lfw/Jacques_Chirac/Jacques_Chirac_0006.jpg
lfw/Erika_Harold/Erika_Harold_0003.jpg
lfw/Trent_Lott/Trent_Lott_0002.jpg
lfw/Michele_Placido/Michele_Placido_0001.jpg
lfw/Vladimir_Putin/Vladimir_Putin_0030.jpg
lfw/Pedro_Malan/Pedro_Malan_0004.jpg
lfw/David_Chase/David_Chase_0001.jpg
lfw/Gwyneth_Paltrow/Gwyneth_Paltrow_0003.jpg
lfw/Monica_Bellucci/Monica_Bellucci_0004.jpg
lfw/Mesut_Yilmaz/Mesut_Yilmaz_0001.jpg
lfw/Christine_Todd_Whitman/Christine_Todd_Whitman_0005.jpg
lfw/Andrea_De_Cruz/Andrea_De_Cruz_0001.jpg
lfw/Rudolph_Giuliani/Rudolph_Giuliani_0021.jpg
lfw/Todd_Haynes/Todd_Haynes_0001.jpg
lfw/Julianne_Moore/Julianne_Moore_0001.jpg
lfw/Julianne_Moore/Julianne_Moore_0008.jpg
lfw/Julianne_Moore/Julianne_Moore_0016.jpg
lfw/Chen_Shui-bian/Chen_Shui-bian_0005.jpg
lfw/Doris_Roberts/Doris_Roberts_0003.jpg
lfw/Michael_Chiklis/Michael_Chiklis_0003.jpg
lfw/Nick_Rahall/Nick_Rahall_0001.jpg
lfw/Alex_Sink/Alex_Sink_0001.jpg
lfw/Pierce_Brosnan/Pierce_Brosnan_0012.jpg
lfw/Cheryl_Hines/Cheryl_Hines_0001.jpg
lfw/Elizabeth_Shue/Elizabeth_Shue_0002.jpg
lfw/Hugo_Chavez/Hugo_Chavez_0033.jpg
lfw/Hugo_Chavez/Hugo_Chavez_0047.jpg
lfw/Hugo_Chavez/Hugo_Chavez_0051.jpg
lfw/Hugo_Chavez/Hugo_Chavez_0057.jpg
lfw/Joschka_Fischer/Joschka_Fischer_0005.jpg
lfw/Naji_Sabri/Naji_Sabri_0003.jpg
lfw/Arnoldo_Aleman/Arnoldo_Aleman_0001.jpg
lfw/Chakib_Khelil/Chakib_Khelil_0002.jpg
lfw/David_Beckham/David_Beckham_0024.jpg
lfw/Habib_Hisham/Habib_Hisham_0001.jpg
lfw/Robert_Evans/Robert_Evans_0002.jpg
lfw/Robert_Evans/Robert_Evans_0003.jpg
lfw/Enrica_Fico/Enrica_Fico_0001.jpg
lfw/Lew_Rywin/Lew_Rywin_0001.jpg
lfw/Heather_Mills/Heather_Mills_0002.jpg
lfw/Anton_Balasingham/Anton_Balasingham_0001.jpg
lfw/Gray_Davis/Gray_Davis_0007.jpg
lfw/Gray_Davis/Gray_Davis_0020.jpg
lfw/Kimi_Raikkonen/Kimi_Raikkonen_0001.jpg
lfw/Vaclav_Havel/Vaclav_Havel_0001.jpg
lfw/Colin_Farrell/Colin_Farrell_0003.jpg
lfw/Anna_Jones/Anna_Jones_0001.jpg
lfw/Frank_Dunham_Jr/Frank_Dunham_Jr_0001.jpg
lfw/Franklin_Damann/Franklin_Damann_0001.jpg
lfw/Yasser_Arafat/Yasser_Arafat_0001.jpg
lfw/Yasser_Arafat/Yasser_Arafat_0004.jpg
lfw/Yasser_Arafat/Yasser_Arafat_0005.jpg
lfw/Yasser_Arafat/Yasser_Arafat_0007.jpg
lfw/Yasser_Arafat/Yasser_Arafat_0008.jpg
lfw/Jesse_Jackson/Jesse_Jackson_0001.jpg
lfw/Steve_Waugh/Steve_Waugh_0002.jpg
lfw/Theresa_May/Theresa_May_0001.jpg
lfw/Thomas_Van_Essen/Thomas_Van_Essen_0001.jpg
lfw/Zarai_Toledo/Zarai_Toledo_0001.jpg
lfw/Britney_Spears/Britney_Spears_0008.jpg
lfw/James_Jones/James_Jones_0001.jpg
lfw/Kelly_Osbourne/Kelly_Osbourne_0001.jpg
lfw/Sharon_Osbourne/Sharon_Osbourne_0001.jpg
lfw/Mike_Carona/Mike_Carona_0001.jpg
lfw/Graeme_Lloyd/Graeme_Lloyd_0001.jpg
lfw/Ismail_Cem/Ismail_Cem_0001.jpg
lfw/Zach_Safrin/Zach_Safrin_0001.jpg
lfw/Alejandro_Avila/Alejandro_Avila_0003.jpg
lfw/James_Meeks/James_Meeks_0001.jpg
lfw/Jeffrey_Archer/Jeffrey_Archer_0002.jpg
lfw/Eduardo_Duhalde/Eduardo_Duhalde_0008.jpg
lfw/Phan_Van_Khai/Phan_Van_Khai_0002.jpg
lfw/Mohammed_Al-Douri/Mohammed_Al-Douri_0001.jpg
lfw/Mohammed_Al-Douri/Mohammed_Al-Douri_0006.jpg
lfw/Woody_Allen/Woody_Allen_0004.jpg
lfw/Paul_Burrell/Paul_Burrell_0008.jpg
lfw/Charles_Moose/Charles_Moose_0003.jpg
lfw/Charles_Moose/Charles_Moose_0007.jpg
lfw/Charles_Moose/Charles_Moose_0010.jpg
lfw/Bruce_Paltrow/Bruce_Paltrow_0001.jpg
lfw/Shaukat_Aziz/Shaukat_Aziz_0001.jpg
lfw/Rick_Pitino/Rick_Pitino_0004.jpg
lfw/William_Joppy/William_Joppy_0001.jpg
lfw/Joe_Lieberman/Joe_Lieberman_0004.jpg
lfw/Charles_Schumer/Charles_Schumer_0002.jpg
lfw/Carlos_Menem/Carlos_Menem_0003.jpg
lfw/Luiz_Inacio_Lula_da_Silva/Luiz_Inacio_Lula_da_Silva_0004.jpg
lfw/Luiz_Inacio_Lula_da_Silva/Luiz_Inacio_Lula_da_Silva_0013.jpg
lfw/Luiz_Inacio_Lula_da_Silva/Luiz_Inacio_Lula_da_Silva_0024.jpg
lfw/Luiz_Inacio_Lula_da_Silva/Luiz_Inacio_Lula_da_Silva_0044.jpg
lfw/Jeremy_Greenstock/Jeremy_Greenstock_0001.jpg
lfw/Jeremy_Greenstock/Jeremy_Greenstock_0005.jpg
lfw/Jeremy_Greenstock/Jeremy_Greenstock_0009.jpg
lfw/Jeremy_Greenstock/Jeremy_Greenstock_0012.jpg
lfw/Martha_Beatriz_Roque/Martha_Beatriz_Roque_0001.jpg
lfw/Martha_Beatriz_Roque/Martha_Beatriz_Roque_0002.jpg
lfw/Jimmy_Carter/Jimmy_Carter_0001.jpg
lfw/Tung_Chee-hwa/Tung_Chee-hwa_0001.jpg
lfw/Jean-David_Levitte/Jean-David_Levitte_0003.jpg
lfw/John_Negroponte/John_Negroponte_0004.jpg
lfw/Arnold_Schwarzenegger/Arnold_Schwarzenegger_0029.jpg
lfw/Meg_Wakeman/Meg_Wakeman_0001.jpg
lfw/Doug_Duncan/Doug_Duncan_0001.jpg
lfw/Dolma_Tsering/Dolma_Tsering_0002.jpg
lfw/Ali_Khamenei/Ali_Khamenei_0001.jpg
lfw/Ali_Khamenei/Ali_Khamenei_0003.jpg
lfw/Julianna_Margulies/Julianna_Margulies_0002.jpg
lfw/Hugh_Grant/Hugh_Grant_0008.jpg
lfw/Hugh_Grant/Hugh_Grant_0009.jpg
lfw/Paul_Wellstone/Paul_Wellstone_0002.jpg
lfw/Walter_Mondale/Walter_Mondale_0002.jpg
lfw/Javier_Weber/Javier_Weber_0001.jpg
lfw/Hugo_Conte/Hugo_Conte_0001.jpg
lfw/Angela_Bassett/Angela_Bassett_0003.jpg
lfw/Andy_Lau/Andy_Lau_0001.jpg
lfw/Greg_Ostertag/Greg_Ostertag_0001.jpg
lfw/Jeong_Se-hyun/Jeong_Se-hyun_0004.jpg
lfw/Silvan_Shalom/Silvan_Shalom_0003.jpg
lfw/Silvan_Shalom/Silvan_Shalom_0004.jpg
lfw/John_Paul_II/John_Paul_II_0002.jpg
lfw/Silvio_Berlusconi/Silvio_Berlusconi_0009.jpg
lfw/Silvio_Berlusconi/Silvio_Berlusconi_0027.jpg
lfw/Silvio_Berlusconi/Silvio_Berlusconi_0030.jpg
lfw/Michael_Lopez-Alegria/Michael_Lopez-Alegria_0001.jpg
lfw/Frank_Cassell/Frank_Cassell_0003.jpg
lfw/Angelo_Genova/Angelo_Genova_0001.jpg
lfw/Mahmoud_Abbas/Mahmoud_Abbas_0010.jpg
lfw/Mahmoud_Abbas/Mahmoud_Abbas_0012.jpg
lfw/Mahmoud_Abbas/Mahmoud_Abbas_0021.jpg
lfw/Mahmoud_Abbas/Mahmoud_Abbas_0028.jpg
lfw/Milo_Djukanovic/Milo_Djukanovic_0002.jpg
lfw/Bashar_Assad/Bashar_Assad_0002.jpg
lfw/Qazi_Hussain_Ahmed/Qazi_Hussain_Ahmed_0001.jpg
lfw/Jose_Maria_Aznar/Jose_Maria_Aznar_0018.jpg
lfw/Sam_Bith/Sam_Bith_0003.jpg
lfw/Nicanor_Duarte_Frutos/Nicanor_Duarte_Frutos_0006.jpg
lfw/Nicanor_Duarte_Frutos/Nicanor_Duarte_Frutos_0010.jpg
lfw/Roh_Moo-hyun/Roh_Moo-hyun_0004.jpg
lfw/Renee_Zellweger/Renee_Zellweger_0015.jpg
lfw/Edward_Arsenault/Edward_Arsenault_0001.jpg
lfw/Guillermo_Monroy/Guillermo_Monroy_0001.jpg
lfw/Recep_Tayyip_Erdogan/Recep_Tayyip_Erdogan_0002.jpg
lfw/Recep_Tayyip_Erdogan/Recep_Tayyip_Erdogan_0023.jpg
lfw/Martin_Scorsese/Martin_Scorsese_0001.jpg
lfw/James_Mathis/James_Mathis_0001.jpg
lfw/Hootie_Johnson/Hootie_Johnson_0001.jpg
lfw/John_Taylor/John_Taylor_0001.jpg
lfw/Pete_Carroll/Pete_Carroll_0001.jpg
lfw/David_Suazo/David_Suazo_0001.jpg
lfw/Melissa_Etheridge/Melissa_Etheridge_0002.jpg
lfw/LK_Advani/LK_Advani_0001.jpg
lfw/Ethan_Hawke/Ethan_Hawke_0003.jpg
lfw/Ethan_Hawke/Ethan_Hawke_0004.jpg
lfw/Keanu_Reeves/Keanu_Reeves_0005.jpg
lfw/Tonino_Guerra/Tonino_Guerra_0001.jpg
lfw/Marc_Anthony/Marc_Anthony_0001.jpg
lfw/David_Hyde_Pierce/David_Hyde_Pierce_0002.jpg
lfw/Aldo_Paredes/Aldo_Paredes_0002.jpg
lfw/Prince_Naruhito/Prince_Naruhito_0001.jpg
lfw/Mike_Duke/Mike_Duke_0001.jpg
lfw/Rob_Schneider/Rob_Schneider_0001.jpg
lfw/Kemal_Dervis/Kemal_Dervis_0001.jpg
lfw/Akmal_Taher/Akmal_Taher_0001.jpg
lfw/Martha_Lucia_Ramirez/Martha_Lucia_Ramirez_0003.jpg
lfw/Philip_Zalewski/Philip_Zalewski_0001.jpg
lfw/Richard_Barry/Richard_Barry_0001.jpg
lfw/Jerry_Regier/Jerry_Regier_0001.jpg
lfw/Romario_Farias/Romario_Farias_0001.jpg
lfw/Matthew_Perry/Matthew_Perry_0003.jpg
lfw/Haydar_Aliyev/Haydar_Aliyev_0001.jpg
lfw/Steve_Cutler/Steve_Cutler_0001.jpg
lfw/Saeb_Erekat/Saeb_Erekat_0002.jpg
lfw/Andrew_Niccol/Andrew_Niccol_0001.jpg
lfw/Antonio_Banderas/Antonio_Banderas_0005.jpg
lfw/Kim_Jong-Il/Kim_Jong-Il_0001.jpg
lfw/Jose_Sarney/Jose_Sarney_0002.jpg
lfw/Edwin_Edwards/Edwin_Edwards_0003.jpg
lfw/Joe_Vandever/Joe_Vandever_0001.jpg
lfw/Yoon_Jin-Sik/Yoon_Jin-Sik_0001.jpg
lfw/Kosuke_Kitajima/Kosuke_Kitajima_0002.jpg
lfw/Paul_Murphy/Paul_Murphy_0001.jpg
lfw/Guy_Verhofstadt/Guy_Verhofstadt_0001.jpg
lfw/David_Bell/David_Bell_0001.jpg
lfw/Julio_Rossi/Julio_Rossi_0001.jpg
lfw/John_Allen_Muhammad/John_Allen_Muhammad_0010.jpg
lfw/Herb_Sendek/Herb_Sendek_0004.jpg
lfw/Saoud_Al_Faisal/Saoud_Al_Faisal_0001.jpg
lfw/Abdullah_Gul/Abdullah_Gul_0009.jpg
lfw/Dalai_Lama/Dalai_Lama_0002.jpg
lfw/Bob_Dole/Bob_Dole_0001.jpg
lfw/Kamal_Kharrazi/Kamal_Kharrazi_0002.jpg
lfw/Giulio_Andreotti/Giulio_Andreotti_0001.jpg
lfw/Geraldine_Chaplin/Geraldine_Chaplin_0002.jpg
lfw/Rick_Carlisle/Rick_Carlisle_0001.jpg
lfw/Abdulaziz_Kamilov/Abdulaziz_Kamilov_0001.jpg
lfw/Jean_Charest/Jean_Charest_0004.jpg
lfw/Jean_Charest/Jean_Charest_0005.jpg
lfw/Charlotte_Rampling/Charlotte_Rampling_0002.jpg
lfw/Nestor_Kirchner/Nestor_Kirchner_0002.jpg
lfw/Nestor_Kirchner/Nestor_Kirchner_0005.jpg
lfw/Nestor_Kirchner/Nestor_Kirchner_0023.jpg
lfw/Nestor_Kirchner/Nestor_Kirchner_0032.jpg
lfw/Nestor_Kirchner/Nestor_Kirchner_0034.jpg
lfw/Prakash_Hinduja/Prakash_Hinduja_0001.jpg
lfw/Mark_Hurlbert/Mark_Hurlbert_0004.jpg
lfw/Dominique_de_Villepin/Dominique_de_Villepin_0007.jpg
lfw/Dominique_de_Villepin/Dominique_de_Villepin_0013.jpg
lfw/Bob_Hope/Bob_Hope_0002.jpg
lfw/Jane_Russell/Jane_Russell_0001.jpg
lfw/John_Blaney/John_Blaney_0002.jpg
lfw/Carlos_Salinas/Carlos_Salinas_0001.jpg
lfw/John_Danforth/John_Danforth_0001.jpg
lfw/Ramon_Cardenas/Ramon_Cardenas_0001.jpg
lfw/Ralph_Klein/Ralph_Klein_0001.jpg
lfw/Charles_Taylor/Charles_Taylor_0004.jpg
lfw/Jason_Kidd/Jason_Kidd_0009.jpg
lfw/Nabil_Shaath/Nabil_Shaath_0002.jpg
lfw/Ion_Tiriac/Ion_Tiriac_0001.jpg
lfw/David_Stern/David_Stern_0003.jpg
lfw/Vecdi_Gonul/Vecdi_Gonul_0001.jpg
lfw/Jamling_Norgay/Jamling_Norgay_0002.jpg
lfw/Mohammad_Fares/Mohammad_Fares_0001.jpg
lfw/Gro_Harlem_Brundtland/Gro_Harlem_Brundtland_0001.jpg
lfw/Scott_Fawell/Scott_Fawell_0001.jpg
lfw/Carolina_Barco/Carolina_Barco_0001.jpg
lfw/Edward_Egan/Edward_Egan_0001.jpg
lfw/Nadia_Forte/Nadia_Forte_0001.jpg
lfw/Wen_Ho_Lee/Wen_Ho_Lee_0001.jpg
lfw/Martha_Burk/Martha_Burk_0004.jpg
lfw/Sandra_Bullock/Sandra_Bullock_0004.jpg
lfw/Jose_Alencar/Jose_Alencar_0001.jpg
lfw/Ernie_Fletcher/Ernie_Fletcher_0002.jpg
lfw/Mercedes_Amor/Mercedes_Amor_0001.jpg
lfw/Lee_Soo-hyuck/Lee_Soo-hyuck_0002.jpg
lfw/Lindsay_Lohan/Lindsay_Lohan_0001.jpg
lfw/Chung_Mong-hun/Chung_Mong-hun_0002.jpg
lfw/Alistair_MacDonald/Alistair_MacDonald_0001.jpg
lfw/Leticia_Van_de_Putte/Leticia_Van_de_Putte_0001.jpg
lfw/Luis_Horna/Luis_Horna_0002.jpg
lfw/Carlos_Savedra/Carlos_Savedra_0001.jpg
lfw/Marcelo_Ebrard/Marcelo_Ebrard_0003.jpg
lfw/Mohammaed_Ahmad_Al_Jarallah/Mohammaed_Ahmad_Al_Jarallah_0001.jpg
lfw/Ali_Abbas/Ali_Abbas_0001.jpg
lfw/Li_Ka-shing/Li_Ka-shing_0001.jpg
lfw/Baburam_Bhattari/Baburam_Bhattari_0001.jpg
lfw/Wilma_McNabb/Wilma_McNabb_0001.jpg
lfw/Nathirah_Hussein/Nathirah_Hussein_0001.jpg
lfw/Harvey_Weinstein/Harvey_Weinstein_0002.jpg
lfw/Maryn_McKenna/Maryn_McKenna_0001.jpg
lfw/Gerrit_Zalm/Gerrit_Zalm_0001.jpg
lfw/Edie_Falco/Edie_Falco_0001.jpg
lfw/Princess_Maxima/Princess_Maxima_0001.jpg
lfw/Ed_Smart/Ed_Smart_0001.jpg
lfw/Mario_Dumont/Mario_Dumont_0001.jpg
lfw/Damon_Stoudamire/Damon_Stoudamire_0001.jpg
lfw/Sylvia_Plachy/Sylvia_Plachy_0001.jpg
lfw/Lisa_Stone/Lisa_Stone_0001.jpg
lfw/Edward_Lu/Edward_Lu_0001.jpg
lfw/Rod_Jong-il/Rod_Jong-il_0001.jpg
lfw/Angel_Maza/Angel_Maza_0001.jpg
lfw/Juergen_Peters/Juergen_Peters_0001.jpg
lfw/Jan_Paul_Miller/Jan_Paul_Miller_0001.jpg
lfw/JP_Suarez/JP_Suarez_0001.jpg
lfw/Pete_Gillen/Pete_Gillen_0001.jpg
lfw/Charles_Richardson/Charles_Richardson_0001.jpg
lfw/James_Wallack/James_Wallack_0001.jpg
lfw/Zalmay_Khalilzad/Zalmay_Khalilzad_0001.jpg
lfw/Carrie-Anne_Moss/Carrie-Anne_Moss_0003.jpg
lfw/John_Sununu/John_Sununu_0001.jpg
lfw/Andre_Lange/Andre_Lange_0001.jpg
lfw/Dunn_Lampton/Dunn_Lampton_0001.jpg
lfw/Dennis_Powell/Dennis_Powell_0001.jpg
lfw/Chok_Tong_Goh/Chok_Tong_Goh_0001.jpg
lfw/Jakob_Kellenberger/Jakob_Kellenberger_0001.jpg
lfw/Elvis_Costello/Elvis_Costello_0001.jpg
lfw/Andrew_Weissmann/Andrew_Weissmann_0002.jpg
lfw/Lea_Fastow/Lea_Fastow_0001.jpg
lfw/Ludivine_Sagnier/Ludivine_Sagnier_0004.jpg
lfw/Tom_Craddick/Tom_Craddick_0001.jpg
lfw/Neri_Marcore/Neri_Marcore_0002.jpg
lfw/Max_von_Sydow/Max_von_Sydow_0001.jpg
lfw/Elena_de_Chavez/Elena_de_Chavez_0001.jpg
lfw/Maria_Luisa_Mendonca/Maria_Luisa_Mendonca_0001.jpg
lfw/David_Ho/David_Ho_0001.jpg
lfw/Whoopi_Goldberg/Whoopi_Goldberg_0001.jpg
lfw/Guillaume_Soro/Guillaume_Soro_0001.jpg
